{
   "AqOp": {
      "Position": [
         0.0,
         -3.0161445140838623,
         0.514398455619812
      ],
      "Rotation": [
         -0.0,
         0.0,
         -0.0
      ],
      "Transform": {
         "i": [
            1.0,
            0.0,
            0.0
         ],
         "j": [
            0.0,
            1.0,
            0.0
         ],
         "k": [
            0.0,
            0.0,
            1.0
         ]
      },
      "Action": {
         "RotX": [],
         "PosX": [],
         "ScalX": [],
         "RotY": [],
         "PosY": [],
         "ScalY": [],
         "RotZ": [],
         "PosZ": [],
         "ScalZ": []
      }
   },
   "AqPl": {
      "Position": [
         -0.03349030017852783,
         -6.044168472290039,
         0.514398455619812
      ],
      "Rotation": [
         -0.0,
         0.0,
         -0.0
      ],
      "Transform": {
         "i": [
            1.0,
            0.0,
            0.0
         ],
         "j": [
            0.0,
            1.0,
            0.0
         ],
         "k": [
            0.0,
            0.0,
            1.0
         ]
      },
      "Action": {
         "RotX": [],
         "PosX": [],
         "ScalX": [],
         "RotY": [],
         "PosY": [],
         "ScalY": [],
         "RotZ": [],
         "PosZ": [],
         "ScalZ": []
      }
   },
   "DckOp": {
      "Position": [
         4.2861409187316895,
         -2.925018072128296,
         0.6299999952316284
      ],
      "Rotation": [
         0.0,
         180.00000500895632,
         0.0
      ],
      "Transform": {
         "i": [
            -1.0,
            0.0,
            -8.742277657347586e-08
         ],
         "j": [
            0.0,
            1.0,
            0.0
         ],
         "k": [
            8.742277657347586e-08,
            0.0,
            -1.0
         ]
      },
      "Action": {
         "RotX": [],
         "PosX": [],
         "ScalX": [],
         "RotY": [],
         "PosY": [],
         "ScalY": [],
         "RotZ": [],
         "PosZ": [],
         "ScalZ": []
      }
   },
   "DckPl": {
      "Position": [
         4.304742336273193,
         -6.043632984161377,
         0.6299999952316284
      ],
      "Rotation": [
         0.0,
         180.00000500895632,
         0.0
      ],
      "Transform": {
         "i": [
            -1.0,
            0.0,
            -8.742277657347586e-08
         ],
         "j": [
            0.0,
            1.0,
            0.0
         ],
         "k": [
            8.742277657347586e-08,
            0.0,
            -1.0
         ]
      },
      "Action": {
         "RotX": [],
         "PosX": [],
         "ScalX": [],
         "RotY": [],
         "PosY": [],
         "ScalY": [],
         "RotZ": [],
         "PosZ": [],
         "ScalZ": []
      }
   },
   "Ocean": {
      "Position": [
         -10.438369750976562,
         -0.6138595342636108,
         -3.5748133659362793
      ],
      "Rotation": [
         -0.0,
         0.0,
         -0.0
      ],
      "Transform": {
         "i": [
            1.0,
            0.0,
            0.0
         ],
         "j": [
            0.0,
            1.0,
            0.0
         ],
         "k": [
            0.0,
            0.0,
            1.0
         ]
      },
      "Action": {
         "RotX": [],
         "PosX": [],
         "ScalX": [],
         "RotY": [],
         "PosY": [],
         "ScalY": [],
         "RotZ": [],
         "PosZ": [],
         "ScalZ": []
      }
   },
   "HndPl": {
      "Position": [
         -0.1295659989118576,
         -8.355549812316895,
         2.386579990386963
      ],
      "Rotation": [
         -40.41656865875618,
         7.503921591063747,
         6.3457541611481885
      ],
      "Transform": {
         "i": [
            0.9853613972663879,
            -0.10958144068717957,
            0.13059404492378235
         ],
         "j": [
            7.115994016260174e-09,
            0.7660444974899292,
            0.6427876949310303
         ],
         "k": [
            -0.1704784482717514,
            -0.6333781480789185,
            0.7548305988311768
         ]
      },
      "Action": {
         "RotX": [],
         "PosX": [],
         "ScalX": [],
         "RotY": [],
         "PosY": [],
         "ScalY": [],
         "RotZ": [],
         "PosZ": [],
         "ScalZ": []
      }
   },
   "HndOp": {
      "Position": [
         0.0,
         -2.285867691040039,
         1.3387444019317627
      ],
      "Rotation": [
         79.07420651188316,
         0.0,
         -0.0
      ],
      "Transform": {
         "i": [
            1.0,
            0.0,
            0.0
         ],
         "j": [
            0.0,
            0.18953748047351837,
            -0.9818735122680664
         ],
         "k": [
            0.0,
            0.9818735122680664,
            0.18953748047351837
         ]
      },
      "Action": {
         "RotX": [],
         "PosX": [],
         "ScalX": [],
         "RotY": [],
         "PosY": [],
         "ScalY": [],
         "RotZ": [],
         "PosZ": [],
         "ScalZ": []
      }
   },
   "CamDeck": {
      "From": [
         0.0,
         -11.109655380249023,
         7.457640171051025
      ],
      "To": [
         0.12278784811496735,
         -10.413290977478027,
         6.750533580780029
      ],
      "Up": [
         0.12278784811496735,
         0.6963645219802856,
         0.7071065306663513
      ],
      "FovX": -71.5077745088735,
      "FovY": -51.28201164861057
   },
   "CamAq": {
      "From": [
         0.0,
         -6.800000190734863,
         8.149999618530273
      ],
      "To": [
         -1.2386707567202393e-05,
         -6.5411810874938965,
         7.1840739250183105
      ],
      "Up": [
         -1.2386707567202393e-05,
         0.258819043636322,
         0.9659258127212524
      ],
      "FovX": -71.5077745088735,
      "FovY": -51.28201164861057
   },
   "CamOpponent": {
      "From": [
         0.0,
         -9.5600004196167,
         7.700000286102295
      ],
      "To": [
         0.0,
         -8.890870094299316,
         6.956855297088623
      ],
      "Up": [
         -0.0,
         0.6691306233406067,
         0.7431448101997375
      ],
      "FovX": -71.5077745088735,
      "FovY": -51.28201164861057
   },
   "CamHand": {
      "From": [
         0.0,
         -11.399999618530273,
         9.199999809265137
      ],
      "To": [
         0.0,
         -10.757211685180664,
         8.433955192565918
      ],
      "Up": [
         -0.0,
         0.6427876353263855,
         0.7660444378852844
      ],
      "FovX": -71.5077745088735,
      "FovY": -51.28201164861057
   },
   "AnimCardDraw": {
      "Position": [
         0.0,
         0.0,
         0.023121967911720276
      ],
      "Rotation": [
         -0.0,
         -180.00000500895632,
         -0.0
      ],
      "Transform": {
         "i": [
            -1.0,
            0.0,
            8.742277657347586e-08
         ],
         "j": [
            0.0,
            1.0,
            0.0
         ],
         "k": [
            -8.742277657347586e-08,
            0.0,
            -1.0
         ]
      },
      "Action": {
         "RotX": [
            [
               0.0,
               -0.0
            ],
            [
               0.21212121212121213,
               -12.259682418627015
            ],
            [
               0.48484848484848486,
               -25.424858383448253
            ],
            [
               0.6666666666666666,
               -33.51210118151954
            ],
            [
               0.8181818181818182,
               -39.68999362541773
            ],
            [
               0.9090909090909091,
               -42.92326515962378
            ],
            [
               1.0,
               -44.75166240420659
            ]
         ],