{
   "AqOp": {
      "Position": [
         0.0,
         1.5,
         1.4600000381469727
      ],
      "Rotation": [
         -0.0,
         0.0,
         -0.0
      ],
      "Transform": {
         "i": [
            1.0,
            0.0,
            0.0
         ],
         "j": [
            0.0,
            1.0,
            0.0
         ],
         "k": [
            0.0,
            0.0,
            1.0
         ]
      },
      "Action": {
         "RotX": [],
         "PosX": [],
         "ScalX": [],
         "RotY": [],
         "PosY": [],
         "ScalY": [],
         "RotZ": [],
         "PosZ": [],
         "ScalZ": []
      }
   },
   "AqPl": {
      "Position": [
         0.0,
         -1.5,
         1.4600000381469727
      ],
      "Rotation": [
         -0.0,
         0.0,
         -0.0
      ],
      "Transform": {
         "i": [
            1.0,
            0.0,
            0.0
         ],
         "j": [
            0.0,
            1.0,
            0.0
         ],
         "k": [
            0.0,
            0.0,
            1.0
         ]
      },
      "Action": {
         "RotX": [],
         "PosX": [],
         "ScalX": [],
         "RotY": [],
         "PosY": [],
         "ScalY": [],
         "RotZ": [],
         "PosZ": [],
         "ScalZ": []
      }
   },
   "DckPl": {
      "Position": [
         4.25,
         -1.5,
         1.6096558570861816
      ],
      "Rotation": [
         0.0,
         180.00000500895632,
         0.0
      ],
      "Transform": {
         "i": [
            -1.0,
            0.0,
            -8.742277657347586e-08
         ],
         "j": [
            0.0,
            1.0,
            0.0
         ],
         "k": [
            8.742277657347586e-08,
            0.0,
            -1.0
         ]
      },
      "Action": {
         "RotX": [],
         "PosX": [],
         "ScalX": [],
         "RotY": [],
         "PosY": [],
         "ScalY": [],
         "RotZ": [],
         "PosZ": [],
         "ScalZ": []
      }
   },
   "Ocean": {
      "Position": [
         -10.438369750976562,
         -0.6138595342636108,
         -3.5748133659362793
      ],
      "Rotation": [
         -0.0,
         0.0,
         -0.0
      ],
      "Transform": {
         "i": [
            1.0,
            0.0,
            0.0
         ],
         "j": [
            0.0,
            1.0,
            0.0
         ],
         "k": [
            0.0,
            0.0,
            1.0
         ]
      },
      "Action": {
         "RotX": [],
         "PosX": [],
         "ScalX": [],
         "RotY": [],
         "PosY": [],
         "ScalY": [],
         "RotZ": [],
         "PosZ": [],
         "ScalZ": []
      }
   },
   "HndPl": {
      "Position": [
         0.0,
         -3.824211597442627,
         3.3662357330322266
      ],
      "Rotation": [
         -39.99999883637168,
         3.0000000834826057,
         1.9999999845072665
      ],
      "Transform": {
         "i": [
            0.9980211853981018,
            -0.034851666539907455,
            0.0523359589278698
         ],
         "j": [
            -0.006885845214128494,
            0.7667518258094788,
            0.6419066786766052
         ],
         "k": [
            -0.06250020861625671,
            -0.6409968733787537,
            0.7649946212768555
         ]
      },
      "Action": {
         "RotX": [],
         "PosX": [],
         "ScalX": [],
         "RotY": [],
         "PosY": [],
         "ScalY": [],
         "RotZ": [],
         "PosZ": [],
         "ScalZ": []
      }
   },
   "HndOp": {
      "Position": [
         0.0,
         2.589498281478882,
         2.6643307209014893
      ],
      "Rotation": [
         79.07420651188316,
         0.0,
         -0.0
      ],
      "Transform": {
         "i": [
            1.0,
            0.0,
            0.0
         ],
         "j": [
            0.0,
            0.18953748047351837,
            -0.9818735122680664
         ],
         "k": [
            0.0,
            0.9818735122680664,
            0.18953748047351837
         ]
      },
      "Action": {
         "RotX": [],
         "PosX": [],
         "ScalX": [],
         "RotY": [],
         "PosY": [],
         "ScalY": [],
         "RotZ": [],
         "PosZ": [],
         "ScalZ": []
      }
   },
   "CamDeck": {
      "From": [
         0.6000000238418579,
         -6.599997520446777,
         10.0
      ],
      "To": [
         0.6671895980834961,
         -5.960731029510498,
         9.233955383300781
      ],
      "Up": [
         0.06718959659337997,
         0.6392663717269897,
         0.7660444378852844
      ],
      "FovX": -73.4152753390136,
      "FovY": -45.00000000606446
   },
   "CamAq": {
      "From": [
         0.0,
         -2.0,
         8.300000190734863
      ],
      "To": [
         -6.99277983608193e-13,
         -1.7411808967590332,
         7.3340744972229
      ],
      "Up": [
         -6.99277983608193e-13,
         0.258819043636322,
         0.9659258127212524
      ],
      "FovX": -73.4152753390136,
      "FovY": -45.00000000606446
   },
   "CamOpponent": {
      "From": [
         0.0,
         -5.280215263366699,
         9.719657897949219
      ],
      "To": [
         0.0,
         -4.637427806854248,
         8.95361328125
      ],
      "Up": [
         -0.0,
         0.6427875757217407,
         0.7660444378852844
      ],
      "FovX": -73.4152753390136,
      "FovY": -45.00000000606446
   },
   "CamHand": {
      "From": [
         0.0,
         -6.699999809265137,
         10.300000190734863
      ],
      "To": [
         1.5310992473871465e-09,
         -6.057211875915527,
         9.533955574035645
      ],
      "Up": [
         1.5310992473871465e-09,
         0.642787754535675,
         0.7660443186759949
      ],
      "FovX": -73.4152753390136,
      "FovY": -45.00000000606446
   },
   "AnimCardDraw": {
      "Position": [
         0.0,
         0.0,
         0.023121967911720276
      ],
      "Rotation": [
         -0.0,
         -180.00000500895632,
         -0.0
      ],
      "Transform": {
         "i": [
            -1.0,
            0.0,
            8.742277657347586e-08
         ],
         "j": [
            0.0,
            1.0,
            0.0
         ],
         "k": [
            -8.742277657347586e-08,
            0.0,
            -1.0
         ]
      },
      "Action": {
         "RotX": [
            [
               0.0,
               -0.0
            ],
            [
               0.21212121212121213,
               -12.259682418627015
            ],
            [
               0.48484848484848486,
               -25.424858383448253
            ],
            [
               0.6666666666666666,
               -33.51210118151954
            ],
            [
               0.8181818181818182,
               -39.68999362541773
            ],
            [
               0.9090909090909091,
               -42.92326515962378
            ],
            [
               1.0,
               -44.75166240420659
            ]
         ],
         "PosX": [
            [
               0.0,
               -0.1295659989118576
            ],
            [
               0.21212121212121213,
               0.0
            ],
            [
               0.30303030303030304,
               -0.1295659989118576
            ],
            [
               0.6060606060606061,
               -0.1295659989118576
            ],
            [
               0.9090909090909091,
               -0.1295659989118576
            ]
         ],
         "ScalX": [
            [
               0.0,
               1.0
            ],
            [
               0.30303030303030304,
               1.0
            ],
            [
               0.6060606060606061,
               1.0
            ],
            [
               0.9090909090909091,
               1.0
            ]
         ],