{
   "AqOp": {
      "Position": [
         0.0,
         -3.1350181102752686,
         0.5185959935188293
      ],
      "Rotation": [
         -0.0,
         0.0,
         -0.0
      ],
      "Transform": {
         "i": [
            1.0,
            0.0,
            0.0
         ],
         "j": [
            0.0,
            1.0,
            0.0
         ],
         "k": [
            0.0,
            0.0,
            1.0
         ]
      }
   },
   "AqPl": {
      "Position": [
         0.0,
         -5.856575012207031,
         0.5185959935188293
      ],
      "Rotation": [
         -0.0,
         0.0,
         -0.0
      ],
      "Transform": {
         "i": [
            1.0,
            0.0,
            0.0
         ],
         "j": [
            0.0,
            1.0,
            0.0
         ],
         "k": [
            0.0,
            0.0,
            1.0
         ]
      }
   },
   "DckOp": {
      "Position": [
         -4.1278252601623535,
         -2.925018072128296,
         0.6299999952316284
      ],
      "Rotation": [
         -0.0,
         0.0,
         -0.0
      ],
      "Transform": {
         "i": [
            1.0,
            0.0,
            0.0
         ],
         "j": [
            0.0,
            1.0,
            0.0
         ],
         "k": [
            0.0,
            0.0,
            1.0
         ]
      }
   },
   "DckPl": {
      "Position": [
         4.050000190734863,
         -6.53000020980835,
         0.6299999952316284
      ],
      "Rotation": [
         -0.0,
         -0.0,
         -0.0
      ],
      "Transform": {
         "i": [
            1.0,
            0.0,
            0.0
         ],
         "j": [
            0.0,
            1.0,
            0.0
         ],
         "k": [
            0.0,
            0.0,
            1.0
         ]
      }
   },
   "Ocean": {
      "Position": [
         -10.438369750976562,
         -0.6138595342636108,
         -3.5748133659362793
      ],
      "Rotation": [
         -0.0,
         0.0,
         -0.0
      ],
      "Transform": {
         "i": [
            1.0,
            0.0,
            0.0
         ],
         "j": [
            0.0,
            1.0,
            0.0
         ],
         "k": [
            0.0,
            0.0,
            1.0
         ]
      }
   },
   "HndPl": {
      "Position": [
         -0.1295660138130188,
         -8.355549812316895,
         2.386579751968384
      ],
      "Rotation": [
         -45.589323634206124,
         0.0,
         -0.0
      ],
      "Transform": {
         "i": [
            1.0,
            0.0,
            0.0
         ],
         "j": [
            0.0,
            0.6997964382171631,
            0.7143422961235046
         ],
         "k": [
            0.0,
            -0.7143422961235046,
            0.6997964382171631
         ]
      }
   },
   "HndOp": {
      "Position": [
         0.0,
         -2.285867691040039,
         1.3387444019317627
      ],
      "Rotation": [
         79.07420651188316,
         0.0,
         -0.0
      ],
      "Transform": {
         "i": [
            1.0,
            0.0,
            0.0
         ],
         "j": [
            0.0,
            0.18953748047351837,
            -0.9818735122680664
         ],
         "k": [
            0.0,
            0.9818735122680664,
            0.18953748047351837
         ]
      }
   },
   "CamDeck": {
      "From": [
         3.065357208251953,
         -9.59731674194336,
         3.351203203201294
      ],
      "To": [
         3.298336982727051,
         -8.862871170043945,
         2.7137787342071533
      ],
      "Up": [
         0.23297975957393646,
         0.7344456911087036,
         0.6374244689941406
      ],
      "FovX": 0.6911111611634242,
      "FovY": 0.47108996144172666
   },
   "CamHand_": {
      "From": [
         0.4268174171447754,
         -14.368304252624512,
         6.219978332519531
      ],
      "To": [
         0.8953065276145935,
         -13.569684982299805,
         5.842188835144043
      ],
      "Up": [
         0.4684891104698181,
         0.7986193895339966,
         0.3777896463871002
      ],
      "FovX": 1.5167554284203673,
      "FovY": 1.1266325229839362
   },
   "CamAq": {
      "From": [
         0.0681324303150177,
         -5.079941272735596,
         5.45669412612915
      ],
      "To": [
         0.06812798231840134,
         -4.992733955383301,
         4.460504055023193
      ],
      "Up": [
         -4.446590992301935e-06,
         0.08720713108778,
         0.9961901903152466
      ],
      "FovX": 1.5167554284203673,
      "FovY": 1.1266325229839362
   },
   "CamOpponent": {
      "From": [
         0.1800699084997177,
         -7.072582721710205,
         5.2240142822265625
      ],
      "To": [
         0.18003162741661072,
         -6.2866926193237305,
         4.605648040771484
      ],
      "Up": [
         -3.82808102585841e-05,
         0.7858901023864746,
         0.6183662414550781
      ],
      "FovX": 1.5167554284203673,
      "FovY": 1.1266325229839362
   },
   "CamHand": {
      "From": [
         -0.2286803424358368,
         -10.827159881591797,
         5.620171546936035
      ],
      "To": [
         -0.22335243225097656,
         -10.058862686157227,
         4.980100154876709
      ],
      "Up": [
         0.005327902734279633,
         0.768297016620636,
         0.6400713324546814
      ],
      "FovX": 1.5167554284203673,
      "FovY": 1.1266325229839362
   }
}