{
   "AqOp": {
      "Position": [
         0.0,
         1.5,
         1.4940543174743652
      ],
      "Rotation": [
         -0.0,
         0.0,
         -0.0
      ],
      "Transform": {
         "i": [
            1.0,
            0.0,
            0.0
         ],
         "j": [
            0.0,
            1.0,
            0.0
         ],
         "k": [
            0.0,
            0.0,
            1.0
         ]
      },
      "Action": {
         "RotX": [],
         "PosX": [],
         "ScalX": [],
         "RotY": [],
         "PosY": [],
         "ScalY": [],
         "RotZ": [],
         "PosZ": [],
         "ScalZ": []
      }
   },
   "AqPl": {
      "Position": [
         0.0,
         -1.5,
         1.4940543174743652
      ],
      "Rotation": [
         -0.0,
         0.0,
         -0.0
      ],
      "Transform": {
         "i": [
            1.0,
            0.0,
            0.0
         ],
         "j": [
            0.0,
            1.0,
            0.0
         ],
         "k": [
            0.0,
            0.0,
            1.0
         ]
      },
      "Action": {
         "RotX": [],
         "PosX": [],
         "ScalX": [],
         "RotY": [],
         "PosY": [],
         "ScalY": [],
         "RotZ": [],
         "PosZ": [],
         "ScalZ": []
      }
   },
   "DckOp": {
      "Position": [
         4.25,
         1.5,
         1.6096558570861816
      ],
      "Rotation": [
         0.0,
         180.00000500895632,
         0.0
      ],
      "Transform": {
         "i": [
            -1.0,
            0.0,
            -8.742277657347586e-08
         ],
         "j": [
            0.0,
            1.0,
            0.0
         ],
         "k": [
            8.742277657347586e-08,
            0.0,
            -1.0
         ]
      },
      "Action": {
         "RotX": [],
         "PosX": [],
         "ScalX": [],
         "RotY": [],
         "PosY": [],
         "ScalY": [],
         "RotZ": [],
         "PosZ": [],
         "ScalZ": []
      }
   },
   "DckPl": {
      "Position": [
         4.25,
         -1.5,
         1.6096558570861816
      ],
      "Rotation": [
         0.0,
         180.00000500895632,
         0.0
      ],
      "Transform": {
         "i": [
            -1.0,
            0.0,
            -8.742277657347586e-08
         ],
         "j": [
            0.0,
            1.0,
            0.0
         ],
         "k": [
            8.742277657347586e-08,
            0.0,
            -1.0
         ]
      },
      "Action": {
         "RotX": [],
         "PosX": [],
         "ScalX": [],
         "RotY": [],
         "PosY": [],
         "ScalY": [],
         "RotZ": [],
         "PosZ": [],
         "ScalZ": []
      }
   },
   "Ocean": {
      "Position": [
         -10.438369750976562,
         -0.6138595342636108,
         -3.5748133659362793
      ],
      "Rotation": [
         -0.0,
         0.0,
         -0.0
      ],
      "Transform": {
         "i": [
            1.0,
            0.0,
            0.0
         ],
         "j": [
            0.0,
            1.0,
            0.0
         ],
         "k": [
            0.0,
            0.0,
            1.0
         ]
      },
      "Action": {
         "RotX": [],
         "PosX": [],
         "ScalX": [],
         "RotY": [],
         "PosY": [],
         "ScalY": [],
         "RotZ": [],
         "PosZ": [],
         "ScalZ": []
      }
   },
   "HndPl": {
      "Position": [
         0.0,
         -3.824211597442627,
         3.3662357330322266
      ],
      "Rotation": [
         -40.41656865875618,
         7.503921591063747,
         6.3457541611481885
      ],
      "Transform": {
         "i": [
            0.9853613972663879,
            -0.10958144068717957,
            0.13059404492378235
         ],
         "j": [
            7.115994016260174e-09,
            0.7660444974899292,
            0.6427876949310303
         ],
         "k": [
            -0.1704784482717514,
            -0.6333781480789185,
            0.7548305988311768
         ]
      },
      "Action": {
         "RotX": [],
         "PosX": [],
         "ScalX": [],
         "RotY": [],
         "PosY": [],
         "ScalY": [],
         "RotZ": [],
         "PosZ": [],
         "ScalZ": []
      }
   },
   "HndOp": {
      "Position": [
         0.0,
         2.589498281478882,
         2.6643307209014893
      ],
      "Rotation": [
         79.07420651188316,
         0.0,
         -0.0
      ],
      "Transform": {
         "i": [
            1.0,
            0.0,
            0.0
         ],
         "j": [
            0.0,
            0.18953748047351837,
            -0.9818735122680664
         ],
         "k": [
            0.0,
            0.9818735122680664,
            0.18953748047351837
         ]
      },
      "Action": {
         "RotX": [],
         "PosX": [],
         "ScalX": [],
         "RotY": [],
         "PosY": [],
         "ScalY": [],
         "RotZ": [],
         "PosZ": [],
         "ScalZ": []
      }
   },
   "CamDeck": {
      "From": [
         0.6000000238418579,
         -6.599997520446777,
         10.0
      ],
      "To": [
         0.6671895980834961,
         -5.960731029510498,
         9.233955383300781
      ],
      "Up": [
         0.06718959659337997,
         0.6392663717269897,
         0.7660444378852844
      ],
      "FovX": -73.4152753390136,
      "FovY": -45.00000000606446
   },
   "CamAq": {
      "From": [
         0.0,
         -5.25,
         7.0
      ],
      "To": [
         0.0006524522905237973,
         -5.155893802642822,
         6.0044379234313965
      ],
      "Up": [
         0.0006524522905237973,
         0.09410640597343445,
         0.995561957359314
      ],
      "FovX": -73.4152753390136,
      "FovY": -45.00000000606446
   },
   "CamOpponent": {
      "From": [
         0.0,
         -5.280215263366699,
         9.719657897949219
      ],
      "To": [
         0.0,
         -4.637427806854248,
         8.95361328125
      ],
      "Up": [
         -0.0,
         0.6427875757217407,
         0.7660444378852844
      ],
      "FovX": -73.4152753390136,
      "FovY": -45.00000000606446
   },
   "CamHand": {
      "From": [
         0.0,
         -6.699999809265137,
         10.300000190734863
      ],
      "To": [
         1.5310992473871465e-09,
         -6.057211875915527,
         9.533955574035645
      ],
      "Up": [
         1.5310992473871465e-09,
         0.642787754535675,
         0.7660443186759949
      ],
      "FovX": -73.4152753390136,
      "FovY": -45.00000000606446
   },
   "AnimCardDraw": {
      "Position": [
         0.0,
         0.0,
         0.3710256814956665
      ],
      "Rotation": [
         -0.0,
         -180.00000500895632,
         -0.0
      ],
      "Transform": {
         "i": [
            -1.0,
            0.0,
            8.742277657347586e-08
         ],
         "j": [
            0.0,
            1.0,
            0.0
         ],
         "k": [
            -8.742277657347586e-08,
            0.0,
            -1.0
         ]
      },
      "Action": {
         "RotX": [
            [
               0.0,
               -0.0
            ],
            [
               0.21212121212121213,
               -12.259682418627015
            ],
            [
               0.48484848484848486,
               -25.424858383448253
            ],
            [
               0.6666666666666666,
               -33.51210118151954
            ],
            [
               0.8181818181818182,
               -39.68999362541773
            ],
            [
               0.9090909090909091,
               -42.92326515962378
            ],
            [
               1.0,
               -44.75166240420659
            ]
         ],