{
   "AqOp": {
      "Position": [
         0.0,
         -3.1350181102752686,
         0.4399999976158142
      ],
      "Rotation": [
         -0.0,
         0.0,
         -0.0
      ],
      "Transform": {
         "i": [
            1.0,
            0.0,
            0.0
         ],
         "j": [
            0.0,
            1.0,
            0.0
         ],
         "k": [
            0.0,
            0.0,
            1.0
         ]
      }
   },
   "AqPl": {
      "Position": [
         0.0,
         -5.856575012207031,
         1.318874716758728
      ],
      "Rotation": [
         -0.0,
         0.0,
         -0.0
      ],
      "Transform": {
         "i": [
            1.0,
            0.0,
            0.0
         ],
         "j": [
            0.0,
            1.0,
            0.0
         ],
         "k": [
            0.0,
            0.0,
            1.0
         ]
      }
   },
   "DckOp": {
      "Position": [
         -4.1278252601623535,
         -2.925018072128296,
         0.6299999952316284
      ],
      "Rotation": [
         -0.0,
         0.0,
         -0.0
      ],
      "Transform": {
         "i": [
            1.0,
            0.0,
            0.0
         ],
         "j": [
            0.0,
            1.0,
            0.0
         ],
         "k": [
            0.0,
            0.0,
            1.0
         ]
      }
   },
   "DckPl": {
      "Position": [
         4.050000190734863,
         -6.53000020980835,
         0.6299999952316284
      ],
      "Rotation": [
         -0.0,
         -0.0,
         -0.0
      ],
      "Transform": {
         "i": [
            1.0,
            0.0,
            0.0
         ],
         "j": [
            0.0,
            1.0,
            0.0
         ],
         "k": [
            0.0,
            0.0,
            1.0
         ]
      }
   },
   "Ocean": {
      "Position": [
         -10.438369750976562,
         -0.6138595342636108,
         -3.5748133659362793
      ],
      "Rotation": [
         -0.0,
         0.0,
         -0.0
      ],
      "Transform": {
         "i": [
            1.0,
            0.0,
            0.0
         ],
         "j": [
            0.0,
            1.0,
            0.0
         ],
         "k": [
            0.0,
            0.0,
            1.0
         ]
      }
   },
   "HndPl": {
      "Position": [
         0.0,
         -8.355549812316895,
         2.0093071460723877
      ],
      "Rotation": [
         -42.238002525480155,
         0.0,
         -0.0
      ],
      "Transform": {
         "i": [
            1.0,
            0.0,
            0.0
         ],
         "j": [
            0.0,
            0.7403588891029358,
            0.672211766242981
         ],
         "k": [
            0.0,
            -0.672211766242981,
            0.7403588891029358
         ]
      }
   },
   "HndOp": {
      "Position": [
         0.0,
         -2.285867691040039,
         1.3387444019317627
      ],
      "Rotation": [
         79.07420651188316,
         0.0,
         -0.0
      ],
      "Transform": {
         "i": [
            1.0,
            0.0,
            0.0
         ],
         "j": [
            0.0,
            0.18953748047351837,
            -0.9818735122680664
         ],
         "k": [
            0.0,
            0.9818735122680664,
            0.18953748047351837
         ]
      }
   },
   "CamDeck": {
      "From": [
         3.065357208251953,
         -9.59731674194336,
         3.351203203201294
      ],
      "To": [
         3.298336982727051,
         -8.862871170043945,
         2.7137787342071533
      ],
      "Up": [
         0.23297975957393646,
         0.7344456911087036,
         0.6374244689941406
      ],
      "FovX": 0.6911111611634242,
      "FovY": 0.47108996144172666
   },
   "CamHand": {
      "From": [
         -0.22770190238952637,
         -10.686071395874023,
         5.782495498657227
      ],
      "To": [
         -0.22256456315517426,
         -9.94525146484375,
         5.110811710357666
      ],
      "Up": [
         0.0051373448222875595,
         0.7408202290534973,
         0.671683669090271
      ],
      "FovX": 1.5167554284203673,
      "FovY": 1.1266325229839362
   },
   "CamFocusCard": {
      "From": [
         -0.04868464171886444,
         -12.583823204040527,
         2.4247183799743652
      ],
      "To": [
         -0.04195414111018181,
         -11.614388465881348,
         2.1794626712799072
      ],
      "Up": [
         0.0067305006086826324,
         0.9694350361824036,
         0.2452557533979416
      ],
      "FovX": 0.6911111611634242,
      "FovY": 0.47108996144172666
   }
}