{
   "AqOp": {
      "Position": [
         0.0,
         -3.1350181102752686,
         0.4399999976158142
      ],
      "Rotation": [
         -0.0,
         0.0,
         -0.0
      ]
   },
   "AqPl": {
      "Position": [
         0.0,
         -5.856575012207031,
         1.318874716758728
      ],
      "Rotation": [
         -0.0,
         0.0,
         -0.0
      ]
   },
   "DckOp": {
      "Position": [
         -4.1278252601623535,
         -2.925018072128296,
         0.6299999952316284
      ],
      "Rotation": [
         -0.0,
         0.0,
         -0.0
      ]
   },
   "DckPl": {
      "Position": [
         4.050000190734863,
         -6.53000020980835,
         0.6299999952316284
      ],
      "Rotation": [
         -0.0,
         -0.0,
         -0.0
      ]
   },
   "Ocean": {
      "Position": [
         -10.438369750976562,
         -0.6138595342636108,
         -3.5748133659362793
      ],
      "Rotation": [
         -0.0,
         0.0,
         -0.0
      ]
   },
   "HndPl": {
      "Position": [
         0.6537960171699524,
         -8.355549812316895,
         1.3387444019317627
      ],
      "Rotation": [
         -79.08214319169872,
         0.0,
         -0.0
      ]
   },
   "HndOp": {
      "Position": [
         0.0,
         -2.285867691040039,
         1.3387444019317627
      ],
      "Rotation": [
         79.07420651188316,
         0.0,
         -0.0
      ]
   },
   "CamDeck": {
      "From": [
         3.065357208251953,
         -9.59731674194336,
         3.351203203201294
      ],
      "To": [
         3.298336982727051,
         -8.862871170043945,
         2.7137787342071533
      ],
      "Up": [
         0.23297975957393646,
         0.7344456911087036,
         0.6374244689941406
      ],
      "FovX": 0.6911111611634242,
      "FovY": 0.47108996144172666
   },
   "CamHand": {
      "From": [
         9.838637351989746,
         -25.48052978515625,
         9.282790184020996
      ],
      "To": [
         9.394585609436035,
         -24.6593017578125,
         8.924456596374512
      ],
      "Up": [
         -0.4440516233444214,
         0.8212277889251709,
         0.3583337068557739
      ],
      "FovX": 0.3864229676956121,
      "FovY": 0.25940507431182425
   }
}