{
   "AqOp": {
      "Position": [
         0.0,
         -3.1350181102752686,
         0.5185959935188293
      ],
      "Rotation": [
         -0.0,
         0.0,
         -0.0
      ],
      "Transform": {
         "i": [
            1.0,
            0.0,
            0.0
         ],
         "j": [
            0.0,
            1.0,
            0.0
         ],
         "k": [
            0.0,
            0.0,
            1.0
         ]
      },
      "Action": {
         "RotX": [],
         "PosX": [],
         "ScalX": [],
         "RotY": [],
         "PosY": [],
         "ScalY": [],
         "RotZ": [],
         "PosZ": [],
         "ScalZ": []
      }
   },
   "AqPl": {
      "Position": [
         -0.03349030017852783,
         -5.856575012207031,
         0.5185959935188293
      ],
      "Rotation": [
         -0.0,
         0.0,
         -0.0
      ],
      "Transform": {
         "i": [
            1.0,
            0.0,
            0.0
         ],
         "j": [
            0.0,
            1.0,
            0.0
         ],
         "k": [
            0.0,
            0.0,
            1.0
         ]
      },
      "Action": {
         "RotX": [],
         "PosX": [],
         "ScalX": [],
         "RotY": [],
         "PosY": [],
         "ScalY": [],
         "RotZ": [],
         "PosZ": [],
         "ScalZ": []
      }
   },
   "DckOp": {
      "Position": [
         -4.1278252601623535,
         -2.925018072128296,
         0.6299999952316284
      ],
      "Rotation": [
         -0.0,
         0.0,
         -0.0
      ],
      "Transform": {
         "i": [
            1.0,
            0.0,
            0.0
         ],
         "j": [
            0.0,
            1.0,
            0.0
         ],
         "k": [
            0.0,
            0.0,
            1.0
         ]
      },
      "Action": {
         "RotX": [],
         "PosX": [],
         "ScalX": [],
         "RotY": [],
         "PosY": [],
         "ScalY": [],
         "RotZ": [],
         "PosZ": [],
         "ScalZ": []
      }
   },
   "DckPl": {
      "Position": [
         4.050000190734863,
         -6.53000020980835,
         0.6299999952316284
      ],
      "Rotation": [
         -0.0,
         -0.0,
         -0.0
      ],
      "Transform": {
         "i": [
            1.0,
            0.0,
            0.0
         ],
         "j": [
            0.0,
            1.0,
            0.0
         ],
         "k": [
            0.0,
            0.0,
            1.0
         ]
      },
      "Action": {
         "RotX": [],
         "PosX": [],
         "ScalX": [],
         "RotY": [],
         "PosY": [],
         "ScalY": [],
         "RotZ": [],
         "PosZ": [],
         "ScalZ": []
      }
   },
   "Ocean": {
      "Position": [
         -10.438369750976562,
         -0.6138595342636108,
         -3.5748133659362793
      ],
      "Rotation": [
         -0.0,
         0.0,
         -0.0
      ],
      "Transform": {
         "i": [
            1.0,
            0.0,
            0.0
         ],
         "j": [
            0.0,
            1.0,
            0.0
         ],
         "k": [
            0.0,
            0.0,
            1.0
         ]
      },
      "Action": {
         "RotX": [],
         "PosX": [],
         "ScalX": [],
         "RotY": [],
         "PosY": [],
         "ScalY": [],
         "RotZ": [],
         "PosZ": [],
         "ScalZ": []
      }
   },
   "HndPl": {
      "Position": [
         -0.1295659989118576,
         -8.355549812316895,
         2.386579990386963
      ],
      "Rotation": [
         -45.58929972854403,
         0.0,
         -0.0
      ],
      "Transform": {
         "i": [
            1.0,
            0.0,
            0.0
         ],
         "j": [
            0.0,
            0.699796736240387,
            0.7143419981002808
         ],
         "k": [
            0.0,
            -0.7143419981002808,
            0.699796736240387
         ]
      },
      "Action": {
         "RotX": [],
         "PosX": [],
         "ScalX": [],
         "RotY": [],
         "PosY": [],
         "ScalY": [],
         "RotZ": [],
         "PosZ": [],
         "ScalZ": []
      }
   },
   "HndOp": {
      "Position": [
         0.0,
         -2.285867691040039,
         1.3387444019317627
      ],
      "Rotation": [
         79.07420651188316,
         0.0,
         -0.0
      ],
      "Transform": {
         "i": [
            1.0,
            0.0,
            0.0
         ],
         "j": [
            0.0,
            0.18953748047351837,
            -0.9818735122680664
         ],
         "k": [
            0.0,
            0.9818735122680664,
            0.18953748047351837
         ]
      },
      "Action": {
         "RotX": [],
         "PosX": [],
         "ScalX": [],
         "RotY": [],
         "PosY": [],
         "ScalY": [],
         "RotZ": [],
         "PosZ": [],
         "ScalZ": []
      }
   },
   "CamDeck": {
      "From": [
         3.065357208251953,
         -9.59731674194336,
         3.351203203201294
      ],
      "To": [
         3.298336982727051,
         -8.862871170043945,
         2.7137787342071533
      ],
      "Up": [
         0.23297975957393646,
         0.7344456911087036,
         0.6374244689941406
      ],
      "FovX": 0.6911111611634242,
      "FovY": 0.47108996144172666
   },
   "CamAq": {
      "From": [
         0.0681324303150177,
         -5.079941272735596,
         5.45669412612915
      ],
      "To": [
         0.06812798231840134,
         -4.992733955383301,
         4.460504055023193
      ],
      "Up": [
         -4.446590992301935e-06,
         0.08720713108778,
         0.9961901903152466
      ],
      "FovX": 1.5167554284203673,
      "FovY": 1.1266325229839362
   },
   "CamOpponent": {
      "From": [
         0.1800699084997177,
         -7.072582721710205,
         5.2240142822265625
      ],
      "To": [
         0.18003162741661072,
         -6.2866926193237305,
         4.605648040771484
      ],
      "Up": [
         -3.82808102585841e-05,
         0.7858901023864746,
         0.6183662414550781
      ],
      "FovX": 1.5167554284203673,
      "FovY": 1.1266325229839362
   },
   "CamHand": {
      "From": [
         0.18136367201805115,
         -10.519918441772461,
         8.055713653564453
      ],
      "To": [
         0.18132951855659485,
         -9.87441635131836,
         7.29195499420166
      ],
      "Up": [
         -3.4159631468355656e-05,
         0.6455019116401672,
         0.763758659362793
      ],
      "FovX": 1.5167554284203673,
      "FovY": 1.1266325229839362
   },
   "AnimCardDraw": {
      "Position": [
         0.0,
         0.0,
         3.648477077484131
      ],
      "Rotation": [
         -23.459158968622553,
         -0.4225769737595189,
         -0.4225769737595189
      ],
      "Transform": {
         "i": [
            0.9999455809593201,
            0.0073750922456383705,
            -0.007375292479991913
         ],
         "j": [
            -0.003829691791906953,
            0.9173407554626465,
            0.39808446168899536
         ],
         "k": [
            0.009701565839350224,
            -0.39803454279899597,
            0.917319118976593
         ]
      },
      "Action": {
         "RotX": [
            [
               0.0,
               -0.0
            ],
            [
               0.36363636363636365,
               -15.243607651897996
            ],
            [
               0.6666666666666666,
               -31.674708577799823
            ],
            [
               1.0,
               -44.75166240420659
            ]
         ],